{
    "variants": {
        "east=false,north=false,south=false,west=false": { "model": "gemstones_1.8.x-1.15.x/pane_opal/pane_opal_nsew" },
        "east=false,north=true,south=false,west=false": { "model": "gemstones_1.8.x-1.15.x/pane_opal/pane_opal_n" },
        "east=true,north=false,south=false,west=false": { "model": "gemstones_1.8.x-1.15.x/pane_opal/pane_opal_n", "y": 90 },
        "east=false,north=false,south=true,west=false": { "model": "gemstones_1.8.x-1.15.x/pane_opal/pane_opal_s" },
        "east=false,north=false,south=false,west=true": { "model": "gemstones_1.8.x-1.15.x/pane_opal/pane_opal_s", "y": 90 },
        "east=true,north=true,south=false,west=false": { "model": "gemstones_1.8.x-1.15.x/pane_opal/pane_opal_ne" },
        "east=true,north=false,south=true,west=false": { "model": "gemstones_1.8.x-1.15.x/pane_opal/pane_opal_se" },
        "east=false,north=false,south=true,west=true": { "model": "gemstones_1.8.x-1.15.x/pane_opal/pane_opal_sw" },
        "east=false,north=true,south=false,west=true": { "model": "gemstones_1.8.x-1.15.x/pane_opal/pane_opal_nw" },
        "east=false,north=true,south=true,west=false": { "model": "gemstones_1.8.x-1.15.x/pane_opal/pane_opal_ns" },
        "east=true,north=false,south=false,west=true": { "model": "gemstones_1.8.x-1.15.x/pane_opal/pane_opal_ns", "y": 90 },
        "east=true,north=true,south=true,west=false": { "model": "gemstones_1.8.x-1.15.x/pane_opal/pane_opal_nse" },
        "east=true,north=false,south=true,west=true": { "model": "gemstones_1.8.x-1.15.x/pane_opal/pane_opal_sew" },
        "east=false,north=true,south=true,west=true": { "model": "gemstones_1.8.x-1.15.x/pane_opal/pane_opal_nsw" },
        "east=true,north=true,south=false,west=true": { "model": "gemstones_1.8.x-1.15.x/pane_opal/pane_opal_new" },
        "east=true,north=true,south=true,west=true": { "model": "gemstones_1.8.x-1.15.x/pane_opal/pane_opal_nsew" }
    }
}
