{
  "multipart": [
    {
      "apply": {
        "model": "minecraft:block/gemstones_1.16.x-1.18.x/pane_ruby/pane_ruby_post"
      }
    },
    {
      "when": {
        "north": "true"
      },
      "apply": {
        "model": "minecraft:block/gemstones_1.16.x-1.18.x/pane_ruby/pane_ruby_side"
      }
    },
    {
      "when": {
        "east": "true"
      },
      "apply": {
        "model": "minecraft:block/gemstones_1.16.x-1.18.x/pane_ruby/pane_ruby_side",
        "y": 90
      }
    },
    {
      "when": {
        "south": "true"
      },
      "apply": {
        "model": "minecraft:block/gemstones_1.16.x-1.18.x/pane_ruby/pane_ruby_side_alt"
      }
    },
    {
      "when": {
        "west": "true"
      },
      "apply": {
        "model": "minecraft:block/gemstones_1.16.x-1.18.x/pane_ruby/pane_ruby_side_alt",
        "y": 90
      }
    },
    {
      "when": {
        "north": "false"
      },
      "apply": {
        "model": "minecraft:block/gemstones_1.16.x-1.18.x/pane_ruby/pane_ruby_noside"
      }
    },
    {
      "when": {
        "east": "false"
      },
      "apply": {
        "model": "minecraft:block/gemstones_1.16.x-1.18.x/pane_ruby/pane_ruby_noside_alt"
      }
    },
    {
      "when": {
        "south": "false"
      },
      "apply": {
        "model": "minecraft:block/gemstones_1.16.x-1.18.x/pane_ruby/pane_ruby_noside_alt",
        "y": 90
      }
    },
    {
      "when": {
        "west": "false"
      },
      "apply": {
        "model": "minecraft:block/gemstones_1.16.x-1.18.x/pane_ruby/pane_ruby_noside",
        "y": 270
      }
    }
  ]
}